id,komentar,case_folding,remove_url,remove_number,remove_punctuation,normalisasi,stopword_removal,stemming,cleaned_komentar
1,"Oke aja, ga wow tapi juga ga zonk.","oke aja, ga wow tapi juga ga zonk.","oke aja, ga wow tapi juga ga zonk.","oke aja, ga wow tapi juga ga zonk.",oke aja ga wow tapi juga ga zonk,baik saja tidak wow tapi juga tidak mengecewakan,tidak wow tidak mengecewakan,tidak wow tidak kecewa,tidak wow tidak kecewa
2,"Gimana ini dong, ga sama","gimana ini dong, ga sama","gimana ini dong, ga sama","gimana ini dong, ga sama",gimana ini dong ga sama,bagaimana ini dong tidak sama,tidak,tidak,tidak
3,"Kok jadi gini dong, ga pas","kok jadi gini dong, ga pas","kok jadi gini dong, ga pas","kok jadi gini dong, ga pas",kok jadi gini dong ga pas,kok jadi begini dong tidak pas,tidak pas,tidak pas,tidak pas
4,"Bagus sekali pelayanannya, bagus mengabaikan komplain!","bagus sekali pelayanannya, bagus mengabaikan komplain!","bagus sekali pelayanannya, bagus mengabaikan komplain!","bagus sekali pelayanannya, bagus mengabaikan komplain!",bagus sekali pelayanannya bagus mengabaikan komplain,bagus sekali pelayanan bagus mengabaikan komplain,bagus pelayanan bagus mengabaikan komplain,bagus layan bagus abai komplain,bagus layan bagus abai komplain
5,Worth it lah tokonya,worth it lah tokonya,worth it lah tokonya,worth it lah tokonya,worth it lah tokonya,sepadan it lah toko,sepadan it toko,padan it toko,padan it toko
6,"Gimana ini deh, ga sesuai gambar","gimana ini deh, ga sesuai gambar","gimana ini deh, ga sesuai gambar","gimana ini deh, ga sesuai gambar",gimana ini deh ga sesuai gambar,bagaimana ini deh tidak sesuai gambar,tidak sesuai gambar,tidak sesuai gambar,tidak sesuai gambar
7,Mantap banget gw kualitasnya,mantap banget gw kualitasnya,mantap banget gw kualitasnya,mantap banget gw kualitasnya,mantap banget gw kualitasnya,mantap sangat saya kualitas,mantap kualitas,mantap kualitas,mantap kualitas
8,"Bukan jelek sih, justru mantap!","bukan jelek sih, justru mantap!","bukan jelek sih, justru mantap!","bukan jelek sih, justru mantap!",bukan jelek sih justru mantap,bukan jelek sih justru mantap,bukan jelek mantap,bukan jelek mantap,bukan jelek mantap
9,"Nyesel? Iya, nyesel ga beli dari dulu! Bagus banget!","nyesel? iya, nyesel ga beli dari dulu! bagus banget!","nyesel? iya, nyesel ga beli dari dulu! bagus banget!","nyesel? iya, nyesel ga beli dari dulu! bagus banget!",nyesel iya nyesel ga beli dari dulu bagus banget,menyesal iya menyesal tidak beli dari dulu bagus sangat,menyesal iya menyesal tidak beli bagus,sesal iya sesal tidak beli bagus,sesal iya sesal tidak beli bagus
10,Cukup memuaskan,cukup memuaskan,cukup memuaskan,cukup memuaskan,cukup memuaskan,cukup memuaskan,memuaskan,muas,muas
11,Memuaskan! Produk sesuai harapan dan tahan lama.,memuaskan! produk sesuai harapan dan tahan lama.,memuaskan! produk sesuai harapan dan tahan lama.,memuaskan! produk sesuai harapan dan tahan lama.,memuaskan produk sesuai harapan dan tahan lama,memuaskan produk sesuai harapan dan tahan lama,memuaskan produk sesuai harapan tahan,muas produk sesuai harap tahan,muas produk sesuai harap tahan
12,Mengecewakan ekspektasi karena terlalu bagus!,mengecewakan ekspektasi karena terlalu bagus!,mengecewakan ekspektasi karena terlalu bagus!,mengecewakan ekspektasi karena terlalu bagus!,mengecewakan ekspektasi karena terlalu bagus,mengecewakan ekspektasi karena terlalu bagus,mengecewakan ekspektasi bagus,kecewa ekspektasi bagus,kecewa ekspektasi bagus
13,Senang nih kualitasnya,senang nih kualitasnya,senang nih kualitasnya,senang nih kualitasnya,senang nih kualitasnya,senang nih kualitas,senang kualitas,senang kualitas,senang kualitas
14,Senang sih barangnya,senang sih barangnya,senang sih barangnya,senang sih barangnya,senang sih barangnya,senang sih barang,senang barang,senang barang,senang barang
15,"Kenapa bisa gini nih, kecewa parah","kenapa bisa gini nih, kecewa parah","kenapa bisa gini nih, kecewa parah","kenapa bisa gini nih, kecewa parah",kenapa bisa gini nih kecewa parah,kenapa bisa begini nih kecewa parah,kecewa parah,kecewa parah,kecewa parah
16,Memuaskan gitu tokonya,memuaskan gitu tokonya,memuaskan gitu tokonya,memuaskan gitu tokonya,memuaskan gitu tokonya,memuaskan begitu toko,memuaskan toko,muas toko,muas toko
17,"Gimana ini dong, ga sesuai gambar","gimana ini dong, ga sesuai gambar","gimana ini dong, ga sesuai gambar","gimana ini dong, ga sesuai gambar",gimana ini dong ga sesuai gambar,bagaimana ini dong tidak sesuai gambar,tidak sesuai gambar,tidak sesuai gambar,tidak sesuai gambar
18,Top banget nih barangnya,top banget nih barangnya,top banget nih barangnya,top banget nih barangnya,top banget nih barangnya,terbaik sangat nih barang,terbaik barang,baik barang,baik barang
19,"Bukan cacat kok, malah oke!","bukan cacat kok, malah oke!","bukan cacat kok, malah oke!","bukan cacat kok, malah oke!",bukan cacat kok malah oke,bukan cacat kok malah baik,bukan cacat,bukan cacat,bukan cacat
20,Senang banget deh barangnya,senang banget deh barangnya,senang banget deh barangnya,senang banget deh barangnya,senang banget deh barangnya,senang sangat deh barang,senang barang,senang barang,senang barang
21,"Kenapa bisa gini ya, ga sesuai foto","kenapa bisa gini ya, ga sesuai foto","kenapa bisa gini ya, ga sesuai foto","kenapa bisa gini ya, ga sesuai foto",kenapa bisa gini ya ga sesuai foto,kenapa bisa begini ya tidak sesuai foto,tidak sesuai foto,tidak sesuai foto,tidak sesuai foto
22,Palsu? Justru original 100%!,palsu? justru original 100%!,palsu? justru original 100%!,palsu? justru original %!,palsu justru original,palsu justru original,palsu original,palsu original,palsu original
23,"Kenapa jadi gini sih, ga sesuai warna","kenapa jadi gini sih, ga sesuai warna","kenapa jadi gini sih, ga sesuai warna","kenapa jadi gini sih, ga sesuai warna",kenapa jadi gini sih ga sesuai warna,kenapa jadi begini sih tidak sesuai warna,tidak sesuai warna,tidak sesuai warna,tidak sesuai warna
24,Oke lah pelayanannya,oke lah pelayanannya,oke lah pelayanannya,oke lah pelayanannya,oke lah pelayanannya,baik lah pelayanan,pelayanan,layan,layan
25,Recommended emang kualitasnya,recommended emang kualitasnya,recommended emang kualitasnya,recommended emang kualitasnya,recommended emang kualitasnya,direkomendasikan memang kualitas,direkomendasikan kualitas,rekomendasi kualitas,rekomendasi kualitas
26,Keren sih pokoknya,keren sih pokoknya,keren sih pokoknya,keren sih pokoknya,keren sih pokoknya,keren sih pokoknya,keren pokoknya,keren pokok,keren pokok
27,Senang pokoknya tokonya,senang pokoknya tokonya,senang pokoknya tokonya,senang pokoknya tokonya,senang pokoknya tokonya,senang pokoknya toko,senang pokoknya toko,senang pokok toko,senang pokok toko
28,"Kenapa gini sih, ga sesuai ukuran","kenapa gini sih, ga sesuai ukuran","kenapa gini sih, ga sesuai ukuran","kenapa gini sih, ga sesuai ukuran",kenapa gini sih ga sesuai ukuran,kenapa begini sih tidak sesuai ukuran,tidak sesuai ukuran,tidak sesuai ukur,tidak sesuai ukur
29,Worth it banget ini kualitasnya,worth it banget ini kualitasnya,worth it banget ini kualitasnya,worth it banget ini kualitasnya,worth it banget ini kualitasnya,sepadan it sangat ini kualitas,sepadan it kualitas,padan it kualitas,padan it kualitas
30,"Ga murahan sama sekali, bagus!","ga murahan sama sekali, bagus!","ga murahan sama sekali, bagus!","ga murahan sama sekali, bagus!",ga murahan sama sekali bagus,tidak murahan sama sekali bagus,tidak murahan bagus,tidak murah bagus,tidak murah bagus
31,Produk excellent! Sudah order 3x tidak pernah mengecewakan.,produk excellent! sudah order 3x tidak pernah mengecewakan.,produk excellent! sudah order 3x tidak pernah mengecewakan.,produk excellent! sudah order x tidak pernah mengecewakan.,produk excellent sudah order x tidak pernah mengecewakan,produk excellent sudah order x tidak pernah mengecewakan,produk excellent order x tidak mengecewakan,produk excellent order x tidak kecewa,produk excellent order x tidak kecewa
32,Keren banget kualitasnya,keren banget kualitasnya,keren banget kualitasnya,keren banget kualitasnya,keren banget kualitasnya,keren sangat kualitas,keren kualitas,keren kualitas,keren kualitas
33,Recommended sih pembeliannya,recommended sih pembeliannya,recommended sih pembeliannya,recommended sih pembeliannya,recommended sih pembeliannya,direkomendasikan sih pembelian,direkomendasikan pembelian,rekomendasi beli,rekomendasi beli
34,Suka pokoknya pembeliannya,suka pokoknya pembeliannya,suka pokoknya pembeliannya,suka pokoknya pembeliannya,suka pokoknya pembeliannya,suka pokoknya pembelian,suka pokoknya pembelian,suka pokok beli,suka pokok beli
35,Suka banget sih,suka banget sih,suka banget sih,suka banget sih,suka banget sih,suka sangat sih,suka,suka,suka
36,"Gimana ini dong, cacat","gimana ini dong, cacat","gimana ini dong, cacat","gimana ini dong, cacat",gimana ini dong cacat,bagaimana ini dong cacat,cacat,cacat,cacat
37,"Kenapa jadi gini nih, ga sesuai ekspektasi","kenapa jadi gini nih, ga sesuai ekspektasi","kenapa jadi gini nih, ga sesuai ekspektasi","kenapa jadi gini nih, ga sesuai ekspektasi",kenapa jadi gini nih ga sesuai ekspektasi,kenapa jadi begini nih tidak sesuai ekspektasi,tidak sesuai ekspektasi,tidak sesuai ekspektasi,tidak sesuai ekspektasi
38,Bagus nih kualitasnya,bagus nih kualitasnya,bagus nih kualitasnya,bagus nih kualitasnya,bagus nih kualitasnya,bagus nih kualitas,bagus kualitas,bagus kualitas,bagus kualitas
39,"Kok bisa gini deh, mengecewakan","kok bisa gini deh, mengecewakan","kok bisa gini deh, mengecewakan","kok bisa gini deh, mengecewakan",kok bisa gini deh mengecewakan,kok bisa begini deh mengecewakan,mengecewakan,kecewa,kecewa
40,Mantap ternyata palsu barangnya!,mantap ternyata palsu barangnya!,mantap ternyata palsu barangnya!,mantap ternyata palsu barangnya!,mantap ternyata palsu barangnya,mantap ternyata palsu barang,mantap palsu barang,mantap palsu barang,mantap palsu barang
41,Worth it lah pelayanannya,worth it lah pelayanannya,worth it lah pelayanannya,worth it lah pelayanannya,worth it lah pelayanannya,sepadan it lah pelayanan,sepadan it pelayanan,padan it layan,padan it layan
42,Oke banget sih produknya,oke banget sih produknya,oke banget sih produknya,oke banget sih produknya,oke banget sih produknya,baik sangat sih produk,produk,produk,produk
43,Oke deh kualitasnya,oke deh kualitasnya,oke deh kualitasnya,oke deh kualitasnya,oke deh kualitasnya,baik deh kualitas,kualitas,kualitas,kualitas
44,Suka banget sih tokonya,suka banget sih tokonya,suka banget sih tokonya,suka banget sih tokonya,suka banget sih tokonya,suka sangat sih toko,suka toko,suka toko,suka toko
45,"Gimana nih dong, mengecewakan","gimana nih dong, mengecewakan","gimana nih dong, mengecewakan","gimana nih dong, mengecewakan",gimana nih dong mengecewakan,bagaimana nih dong mengecewakan,mengecewakan,kecewa,kecewa
46,Recommended banget tokonya,recommended banget tokonya,recommended banget tokonya,recommended banget tokonya,recommended banget tokonya,direkomendasikan sangat toko,direkomendasikan toko,rekomendasi toko,rekomendasi toko
47,Top memang pelayanannya,top memang pelayanannya,top memang pelayanannya,top memang pelayanannya,top memang pelayanannya,terbaik memang pelayanan,terbaik pelayanan,baik layan,baik layan
48,Recommended banget sih produknya,recommended banget sih produknya,recommended banget sih produknya,recommended banget sih produknya,recommended banget sih produknya,direkomendasikan sangat sih produk,direkomendasikan produk,rekomendasi produk,rekomendasi produk
49,Recommended banget sih kualitasnya,recommended banget sih kualitasnya,recommended banget sih kualitasnya,recommended banget sih kualitasnya,recommended banget sih kualitasnya,direkomendasikan sangat sih kualitas,direkomendasikan kualitas,rekomendasi kualitas,rekomendasi kualitas
50,"Ga kecewa kok, justru wow!","ga kecewa kok, justru wow!","ga kecewa kok, justru wow!","ga kecewa kok, justru wow!",ga kecewa kok justru wow,tidak kecewa kok justru wow,tidak kecewa wow,tidak kecewa wow,tidak kecewa wow
51,"Kenapa gini, ga sesuai pesanan","kenapa gini, ga sesuai pesanan","kenapa gini, ga sesuai pesanan","kenapa gini, ga sesuai pesanan",kenapa gini ga sesuai pesanan,kenapa begini tidak sesuai pesanan,tidak sesuai pesanan,tidak sesuai pesan,tidak sesuai pesan
52,"Kok gini deh, ga sesuai ukuran","kok gini deh, ga sesuai ukuran","kok gini deh, ga sesuai ukuran","kok gini deh, ga sesuai ukuran",kok gini deh ga sesuai ukuran,kok begini deh tidak sesuai ukuran,tidak sesuai ukuran,tidak sesuai ukur,tidak sesuai ukur
53,Bagus banget gw,bagus banget gw,bagus banget gw,bagus banget gw,bagus banget gw,bagus sangat saya,bagus,bagus,bagus
54,Oke memang kualitasnya,oke memang kualitasnya,oke memang kualitasnya,oke memang kualitasnya,oke memang kualitasnya,baik memang kualitas,kualitas,kualitas,kualitas
55,Top sih barangnya,top sih barangnya,top sih barangnya,top sih barangnya,top sih barangnya,terbaik sih barang,terbaik barang,baik barang,baik barang
56,Memuaskan sih pelayanannya,memuaskan sih pelayanannya,memuaskan sih pelayanannya,memuaskan sih pelayanannya,memuaskan sih pelayanannya,memuaskan sih pelayanan,memuaskan pelayanan,muas layan,muas layan
57,"Gimana ini, ga sesuai pesanan","gimana ini, ga sesuai pesanan","gimana ini, ga sesuai pesanan","gimana ini, ga sesuai pesanan",gimana ini ga sesuai pesanan,bagaimana ini tidak sesuai pesanan,tidak sesuai pesanan,tidak sesuai pesan,tidak sesuai pesan
58,Oke banget sih seller,oke banget sih seller,oke banget sih seller,oke banget sih seller,oke banget sih seller,baik sangat sih penjual,penjual,jual,jual
59,"Ga cacat, malah sempurna!","ga cacat, malah sempurna!","ga cacat, malah sempurna!","ga cacat, malah sempurna!",ga cacat malah sempurna,tidak cacat malah sempurna,tidak cacat sempurna,tidak cacat sempurna,tidak cacat sempurna
60,"Mantap jiwa, mantap bikin nyesel!","mantap jiwa, mantap bikin nyesel!","mantap jiwa, mantap bikin nyesel!","mantap jiwa, mantap bikin nyesel!",mantap jiwa mantap bikin nyesel,mantap jiwa mantap bikin menyesal,mantap jiwa mantap bikin menyesal,mantap jiwa mantap bikin sesal,mantap jiwa mantap bikin sesal
61,"Deskripsi bilang premium, kenyataannya murahan!","deskripsi bilang premium, kenyataannya murahan!","deskripsi bilang premium, kenyataannya murahan!","deskripsi bilang premium, kenyataannya murahan!",deskripsi bilang premium kenyataannya murahan,deskripsi bilang premium kenyataannya murahan,deskripsi bilang premium kenyataannya murahan,deskripsi bilang premium nyata murah,deskripsi bilang premium nyata murah
62,Kok ga sama kayak foto,kok ga sama kayak foto,kok ga sama kayak foto,kok ga sama kayak foto,kok ga sama kayak foto,kok tidak sama kayak foto,tidak kayak foto,tidak kayak foto,tidak kayak foto
63,Pelayanan terbaik! Barang juga berkualitas tinggi.,pelayanan terbaik! barang juga berkualitas tinggi.,pelayanan terbaik! barang juga berkualitas tinggi.,pelayanan terbaik! barang juga berkualitas tinggi.,pelayanan terbaik barang juga berkualitas tinggi,pelayanan terbaik barang juga berkualitas tinggi,pelayanan terbaik barang berkualitas,layan baik barang kualitas,layan baik barang kualitas
64,"Tidak rugi, sangat memuaskan!","tidak rugi, sangat memuaskan!","tidak rugi, sangat memuaskan!","tidak rugi, sangat memuaskan!",tidak rugi sangat memuaskan,tidak rugi sangat memuaskan,tidak rugi memuaskan,tidak rugi muas,tidak rugi muas
65,"Standar aja, tidak mengecewakan tapi juga tidak wow.","standar aja, tidak mengecewakan tapi juga tidak wow.","standar aja, tidak mengecewakan tapi juga tidak wow.","standar aja, tidak mengecewakan tapi juga tidak wow.",standar aja tidak mengecewakan tapi juga tidak wow,standar saja tidak mengecewakan tapi juga tidak wow,standar tidak mengecewakan tidak wow,standar tidak kecewa tidak wow,standar tidak kecewa tidak wow
66,Keren sih tokonya,keren sih tokonya,keren sih tokonya,keren sih tokonya,keren sih tokonya,keren sih toko,keren toko,keren toko,keren toko
67,"Gimana nih ya, ga sama","gimana nih ya, ga sama","gimana nih ya, ga sama","gimana nih ya, ga sama",gimana nih ya ga sama,bagaimana nih ya tidak sama,tidak,tidak,tidak
68,"Kok bisa gini sih, kecewa parah","kok bisa gini sih, kecewa parah","kok bisa gini sih, kecewa parah","kok bisa gini sih, kecewa parah",kok bisa gini sih kecewa parah,kok bisa begini sih kecewa parah,kecewa parah,kecewa parah,kecewa parah
69,"Kenapa gini deh, ga sama","kenapa gini deh, ga sama","kenapa gini deh, ga sama","kenapa gini deh, ga sama",kenapa gini deh ga sama,kenapa begini deh tidak sama,tidak,tidak,tidak
70,Impressive! Impressively bad service!,impressive! impressively bad service!,impressive! impressively bad service!,impressive! impressively bad service!,impressive impressively bad service,impressive impressively bad service,impressive impressively bad service,impressive impressively bad service,impressive impressively bad service
71,"Kenapa jadi gini nih, beda banget","kenapa jadi gini nih, beda banget","kenapa jadi gini nih, beda banget","kenapa jadi gini nih, beda banget",kenapa jadi gini nih beda banget,kenapa jadi begini nih beda sangat,beda,beda,beda
72,"Gimana nih ya, ga sesuai deskripsi","gimana nih ya, ga sesuai deskripsi","gimana nih ya, ga sesuai deskripsi","gimana nih ya, ga sesuai deskripsi",gimana nih ya ga sesuai deskripsi,bagaimana nih ya tidak sesuai deskripsi,tidak sesuai deskripsi,tidak sesuai deskripsi,tidak sesuai deskripsi
73,Recommended deh pelayanannya,recommended deh pelayanannya,recommended deh pelayanannya,recommended deh pelayanannya,recommended deh pelayanannya,direkomendasikan deh pelayanan,direkomendasikan pelayanan,rekomendasi layan,rekomendasi layan
74,Memuaskan banget sih pembeliannya,memuaskan banget sih pembeliannya,memuaskan banget sih pembeliannya,memuaskan banget sih pembeliannya,memuaskan banget sih pembeliannya,memuaskan sangat sih pembelian,memuaskan pembelian,muas beli,muas beli
75,Oke banget sih kualitasnya,oke banget sih kualitasnya,oke banget sih kualitasnya,oke banget sih kualitasnya,oke banget sih kualitasnya,baik sangat sih kualitas,kualitas,kualitas,kualitas
76,"Tidak murahan kok, recommended!","tidak murahan kok, recommended!","tidak murahan kok, recommended!","tidak murahan kok, recommended!",tidak murahan kok recommended,tidak murahan kok direkomendasikan,tidak murahan direkomendasikan,tidak murah rekomendasi,tidak murah rekomendasi
77,Bagus gitu seller,bagus gitu seller,bagus gitu seller,bagus gitu seller,bagus gitu seller,bagus begitu penjual,bagus penjual,bagus jual,bagus jual
78,Puas banget gw pembeliannya,puas banget gw pembeliannya,puas banget gw pembeliannya,puas banget gw pembeliannya,puas banget gw pembeliannya,puas sangat saya pembelian,puas pembelian,puas beli,puas beli
79,"Top ratingnya, jelek barangnya!","top ratingnya, jelek barangnya!","top ratingnya, jelek barangnya!","top ratingnya, jelek barangnya!",top ratingnya jelek barangnya,terbaik ratingnya jelek barang,terbaik ratingnya jelek barang,baik ratingnya jelek barang,baik ratingnya jelek barang
80,"Gorgeous foto, garbage aslinya!","gorgeous foto, garbage aslinya!","gorgeous foto, garbage aslinya!","gorgeous foto, garbage aslinya!",gorgeous foto garbage aslinya,gorgeous foto garbage asli,gorgeous foto garbage asli,gorgeous foto garbage asli,gorgeous foto garbage asli
81,Netral banget pendapat gw.,netral banget pendapat gw.,netral banget pendapat gw.,netral banget pendapat gw.,netral banget pendapat gw,netral sangat pendapat saya,netral pendapat,netral dapat,netral dapat
82,"Cacat? Engga, mulus banget!","cacat? engga, mulus banget!","cacat? engga, mulus banget!","cacat? engga, mulus banget!",cacat engga mulus banget,cacat engga mulus sangat,cacat engga mulus,cacat engga mulus,cacat engga mulus
83,Recommended pokoknya pelayanannya,recommended pokoknya pelayanannya,recommended pokoknya pelayanannya,recommended pokoknya pelayanannya,recommended pokoknya pelayanannya,direkomendasikan pokoknya pelayanan,direkomendasikan pokoknya pelayanan,rekomendasi pokok layan,rekomendasi pokok layan
84,Bagus banget sih kualitasnya,bagus banget sih kualitasnya,bagus banget sih kualitasnya,bagus banget sih kualitasnya,bagus banget sih kualitasnya,bagus sangat sih kualitas,bagus kualitas,bagus kualitas,bagus kualitas
85,"Gimana ini nih, ga sesuai foto","gimana ini nih, ga sesuai foto","gimana ini nih, ga sesuai foto","gimana ini nih, ga sesuai foto",gimana ini nih ga sesuai foto,bagaimana ini nih tidak sesuai foto,tidak sesuai foto,tidak sesuai foto,tidak sesuai foto
86,"Gimana nih deh, ga sesuai pesanan","gimana nih deh, ga sesuai pesanan","gimana nih deh, ga sesuai pesanan","gimana nih deh, ga sesuai pesanan",gimana nih deh ga sesuai pesanan,bagaimana nih deh tidak sesuai pesanan,tidak sesuai pesanan,tidak sesuai pesan,tidak sesuai pesan
87,Ga sesuai foto produk,ga sesuai foto produk,ga sesuai foto produk,ga sesuai foto produk,ga sesuai foto produk,tidak sesuai foto produk,tidak sesuai foto produk,tidak sesuai foto produk,tidak sesuai foto produk
88,Barang sampai dengan cepat dan kondisi sempurna. Recommended!,barang sampai dengan cepat dan kondisi sempurna. recommended!,barang sampai dengan cepat dan kondisi sempurna. recommended!,barang sampai dengan cepat dan kondisi sempurna. recommended!,barang sampai dengan cepat dan kondisi sempurna recommended,barang sampai dengan cepat dan kondisi sempurna direkomendasikan,barang cepat kondisi sempurna direkomendasikan,barang cepat kondisi sempurna rekomendasi,barang cepat kondisi sempurna rekomendasi
89,"Kualitas juara, harga terjangkau. Best seller deh!","kualitas juara, harga terjangkau. best seller deh!","kualitas juara, harga terjangkau. best seller deh!","kualitas juara, harga terjangkau. best seller deh!",kualitas juara harga terjangkau best seller deh,kualitas juara harga terjangkau terbaik penjual deh,kualitas juara harga terjangkau terbaik penjual,kualitas juara harga jangkau baik jual,kualitas juara harga jangkau baik jual
90,"Kenapa jadi gini deh, ga sesuai deskripsi","kenapa jadi gini deh, ga sesuai deskripsi","kenapa jadi gini deh, ga sesuai deskripsi","kenapa jadi gini deh, ga sesuai deskripsi",kenapa jadi gini deh ga sesuai deskripsi,kenapa jadi begini deh tidak sesuai deskripsi,tidak sesuai deskripsi,tidak sesuai deskripsi,tidak sesuai deskripsi
91,Suka banget sih kualitasnya,suka banget sih kualitasnya,suka banget sih kualitasnya,suka banget sih kualitasnya,suka banget sih kualitasnya,suka sangat sih kualitas,suka kualitas,suka kualitas,suka kualitas
92,Keren banget nih pelayanannya,keren banget nih pelayanannya,keren banget nih pelayanannya,keren banget nih pelayanannya,keren banget nih pelayanannya,keren sangat nih pelayanan,keren pelayanan,keren layan,keren layan
93,"Amazing banget, amazingly jelek!","amazing banget, amazingly jelek!","amazing banget, amazingly jelek!","amazing banget, amazingly jelek!",amazing banget amazingly jelek,amazing sangat amazingly jelek,amazing amazingly jelek,amazing amazingly jelek,amazing amazingly jelek
94,"Gimana ya dong, ga sesuai ukuran","gimana ya dong, ga sesuai ukuran","gimana ya dong, ga sesuai ukuran","gimana ya dong, ga sesuai ukuran",gimana ya dong ga sesuai ukuran,bagaimana ya dong tidak sesuai ukuran,tidak sesuai ukuran,tidak sesuai ukur,tidak sesuai ukur
95,Worth it banget nih tokonya,worth it banget nih tokonya,worth it banget nih tokonya,worth it banget nih tokonya,worth it banget nih tokonya,sepadan it sangat nih toko,sepadan it toko,padan it toko,padan it toko
96,"Reviewnya positif semua, kok gw dapat yang jelek?","reviewnya positif semua, kok gw dapat yang jelek?","reviewnya positif semua, kok gw dapat yang jelek?","reviewnya positif semua, kok gw dapat yang jelek?",reviewnya positif semua kok gw dapat yang jelek,reviewnya positif semua kok saya dapat yang jelek,reviewnya positif jelek,reviewnya positif jelek,reviewnya positif jelek
97,Top lah pelayanannya,top lah pelayanannya,top lah pelayanannya,top lah pelayanannya,top lah pelayanannya,terbaik lah pelayanan,terbaik pelayanan,baik layan,baik layan
98,"Kenapa gini ya, ga sama","kenapa gini ya, ga sama","kenapa gini ya, ga sama","kenapa gini ya, ga sama",kenapa gini ya ga sama,kenapa begini ya tidak sama,tidak,tidak,tidak
99,Half good half bad lah.,half good half bad lah.,half good half bad lah.,half good half bad lah.,half good half bad lah,half good half bad lah,half good half bad,half good half bad,half good half bad
100,Worth it sih seller,worth it sih seller,worth it sih seller,worth it sih seller,worth it sih seller,sepadan it sih penjual,sepadan it penjual,padan it jual,padan it jual
101,Recommended banget produknya,recommended banget produknya,recommended banget produknya,recommended banget produknya,recommended banget produknya,direkomendasikan sangat produk,direkomendasikan produk,rekomendasi produk,rekomendasi produk
102,"Impressive foto, depressing aslinya!","impressive foto, depressing aslinya!","impressive foto, depressing aslinya!","impressive foto, depressing aslinya!",impressive foto depressing aslinya,impressive foto depressing asli,impressive foto depressing asli,impressive foto depressing asli,impressive foto depressing asli
103,"Kenapa gini, zonk banget","kenapa gini, zonk banget","kenapa gini, zonk banget","kenapa gini, zonk banget",kenapa gini zonk banget,kenapa begini mengecewakan sangat,mengecewakan,kecewa,kecewa
104,Puas emang pembeliannya,puas emang pembeliannya,puas emang pembeliannya,puas emang pembeliannya,puas emang pembeliannya,puas memang pembelian,puas pembelian,puas beli,puas beli
105,Recommended sekali untuk ga beli!,recommended sekali untuk ga beli!,recommended sekali untuk ga beli!,recommended sekali untuk ga beli!,recommended sekali untuk ga beli,direkomendasikan sekali untuk tidak beli,direkomendasikan tidak beli,rekomendasi tidak beli,rekomendasi tidak beli
106,Mantap deh,mantap deh,mantap deh,mantap deh,mantap deh,mantap deh,mantap,mantap,mantap
107,Excellent! Excellently bad!,excellent! excellently bad!,excellent! excellently bad!,excellent! excellently bad!,excellent excellently bad,excellent excellently bad,excellent excellently bad,excellent excellently bad,excellent excellently bad
108,Keren lah,keren lah,keren lah,keren lah,keren lah,keren lah,keren,keren,keren
109,"Janji customer service baik, kenyataan diabaikan!","janji customer service baik, kenyataan diabaikan!","janji customer service baik, kenyataan diabaikan!","janji customer service baik, kenyataan diabaikan!",janji customer service baik kenyataan diabaikan,janji customer service baik kenyataan diabaikan,janji customer service kenyataan diabaikan,janji customer service nyata abai,janji customer service nyata abai
110,Bagus gitu pelayanannya,bagus gitu pelayanannya,bagus gitu pelayanannya,bagus gitu pelayanannya,bagus gitu pelayanannya,bagus begitu pelayanan,bagus pelayanan,bagus layan,bagus layan
111,Mantap banget gw barangnya,mantap banget gw barangnya,mantap banget gw barangnya,mantap banget gw barangnya,mantap banget gw barangnya,mantap sangat saya barang,mantap barang,mantap barang,mantap barang
112,"Tidak nyesel, sangat puas!","tidak nyesel, sangat puas!","tidak nyesel, sangat puas!","tidak nyesel, sangat puas!",tidak nyesel sangat puas,tidak menyesal sangat puas,tidak menyesal puas,tidak sesal puas,tidak sesal puas
113,"Standar aja sih, tidak ada yang istimewa dari produk ini.","standar aja sih, tidak ada yang istimewa dari produk ini.","standar aja sih, tidak ada yang istimewa dari produk ini.","standar aja sih, tidak ada yang istimewa dari produk ini.",standar aja sih tidak ada yang istimewa dari produk ini,standar saja sih tidak ada yang istimewa dari produk ini,standar tidak istimewa produk,standar tidak istimewa produk,standar tidak istimewa produk
114,Luar biasa kenyataannya buruk!,luar biasa kenyataannya buruk!,luar biasa kenyataannya buruk!,luar biasa kenyataannya buruk!,luar biasa kenyataannya buruk,luar biasa kenyataannya buruk,kenyataannya buruk,nyata buruk,nyata buruk
115,"Bukan rusak, tapi bagus!","bukan rusak, tapi bagus!","bukan rusak, tapi bagus!","bukan rusak, tapi bagus!",bukan rusak tapi bagus,bukan rusak tapi bagus,bukan rusak bagus,bukan rusak bagus,bukan rusak bagus
116,Mantap banget nih produknya,mantap banget nih produknya,mantap banget nih produknya,mantap banget nih produknya,mantap banget nih produknya,mantap sangat nih produk,mantap produk,mantap produk,mantap produk
117,Tidak wow tapi juga tidak zonk.,tidak wow tapi juga tidak zonk.,tidak wow tapi juga tidak zonk.,tidak wow tapi juga tidak zonk.,tidak wow tapi juga tidak zonk,tidak wow tapi juga tidak mengecewakan,tidak wow tidak mengecewakan,tidak wow tidak kecewa,tidak wow tidak kecewa
118,"Ga jelek, malah bagus banget!","ga jelek, malah bagus banget!","ga jelek, malah bagus banget!","ga jelek, malah bagus banget!",ga jelek malah bagus banget,tidak jelek malah bagus sangat,tidak jelek bagus,tidak jelek bagus,tidak jelek bagus
119,"Gimana nih nih, kecewa parah","gimana nih nih, kecewa parah","gimana nih nih, kecewa parah","gimana nih nih, kecewa parah",gimana nih nih kecewa parah,bagaimana nih nih kecewa parah,kecewa parah,kecewa parah,kecewa parah
120,Oke memang produknya,oke memang produknya,oke memang produknya,oke memang produknya,oke memang produknya,baik memang produk,produk,produk,produk
121,"Kenapa gini sih, ga sesuai deskripsi","kenapa gini sih, ga sesuai deskripsi","kenapa gini sih, ga sesuai deskripsi","kenapa gini sih, ga sesuai deskripsi",kenapa gini sih ga sesuai deskripsi,kenapa begini sih tidak sesuai deskripsi,tidak sesuai deskripsi,tidak sesuai deskripsi,tidak sesuai deskripsi
122,"Kenapa bisa gini ya, kecewa parah","kenapa bisa gini ya, kecewa parah","kenapa bisa gini ya, kecewa parah","kenapa bisa gini ya, kecewa parah",kenapa bisa gini ya kecewa parah,kenapa bisa begini ya kecewa parah,kecewa parah,kecewa parah,kecewa parah
123,"Kok gini sih, zonk banget","kok gini sih, zonk banget","kok gini sih, zonk banget","kok gini sih, zonk banget",kok gini sih zonk banget,kok begini sih mengecewakan sangat,mengecewakan,kecewa,kecewa
124,Worth it deh,worth it deh,worth it deh,worth it deh,worth it deh,sepadan it deh,sepadan it,padan it,padan it
125,"Kok jadi gini sih, buruk parah","kok jadi gini sih, buruk parah","kok jadi gini sih, buruk parah","kok jadi gini sih, buruk parah",kok jadi gini sih buruk parah,kok jadi begini sih buruk parah,buruk parah,buruk parah,buruk parah
126,"Bagus di foto, cacat aslinya!","bagus di foto, cacat aslinya!","bagus di foto, cacat aslinya!","bagus di foto, cacat aslinya!",bagus di foto cacat aslinya,bagus di foto cacat asli,bagus foto cacat asli,bagus foto cacat asli,bagus foto cacat asli
127,"Kenapa jadi gini nih, cacat","kenapa jadi gini nih, cacat","kenapa jadi gini nih, cacat","kenapa jadi gini nih, cacat",kenapa jadi gini nih cacat,kenapa jadi begini nih cacat,cacat,cacat,cacat
128,Recommended nih pembeliannya,recommended nih pembeliannya,recommended nih pembeliannya,recommended nih pembeliannya,recommended nih pembeliannya,direkomendasikan nih pembelian,direkomendasikan pembelian,rekomendasi beli,rekomendasi beli
129,Puas gitu nih,puas gitu nih,puas gitu nih,puas gitu nih,puas gitu nih,puas begitu nih,puas,puas,puas
130,Gimana nih jelek banget,gimana nih jelek banget,gimana nih jelek banget,gimana nih jelek banget,gimana nih jelek banget,bagaimana nih jelek sangat,jelek,jelek,jelek
131,Bagus sih pelayanannya,bagus sih pelayanannya,bagus sih pelayanannya,bagus sih pelayanannya,bagus sih pelayanannya,bagus sih pelayanan,bagus pelayanan,bagus layan,bagus layan
132,Senang sekali dikasih sampah!,senang sekali dikasih sampah!,senang sekali dikasih sampah!,senang sekali dikasih sampah!,senang sekali dikasih sampah,senang sekali dikasih sampah,senang dikasih sampah,senang kasih sampah,senang kasih sampah
133,Oke banget nih kualitasnya,oke banget nih kualitasnya,oke banget nih kualitasnya,oke banget nih kualitasnya,oke banget nih kualitasnya,baik sangat nih kualitas,kualitas,kualitas,kualitas
134,"Gimana ya, ga sesuai gambar","gimana ya, ga sesuai gambar","gimana ya, ga sesuai gambar","gimana ya, ga sesuai gambar",gimana ya ga sesuai gambar,bagaimana ya tidak sesuai gambar,tidak sesuai gambar,tidak sesuai gambar,tidak sesuai gambar
135,"Keren, keren cacat produknya!","keren, keren cacat produknya!","keren, keren cacat produknya!","keren, keren cacat produknya!",keren keren cacat produknya,keren keren cacat produk,keren keren cacat produk,keren keren cacat produk,keren keren cacat produk
136,"Tidak rugi beli ini, malah untung banget!","tidak rugi beli ini, malah untung banget!","tidak rugi beli ini, malah untung banget!","tidak rugi beli ini, malah untung banget!",tidak rugi beli ini malah untung banget,tidak rugi beli ini malah untung sangat,tidak rugi beli untung,tidak rugi beli untung,tidak rugi beli untung
137,Mantap memang produknya,mantap memang produknya,mantap memang produknya,mantap memang produknya,mantap memang produknya,mantap memang produk,mantap produk,mantap produk,mantap produk
138,"Ga mengecewakan kok, justru bagus!","ga mengecewakan kok, justru bagus!","ga mengecewakan kok, justru bagus!","ga mengecewakan kok, justru bagus!",ga mengecewakan kok justru bagus,tidak mengecewakan kok justru bagus,tidak mengecewakan bagus,tidak kecewa bagus,tidak kecewa bagus
139,"Kenapa bisa gini ya, buruk parah","kenapa bisa gini ya, buruk parah","kenapa bisa gini ya, buruk parah","kenapa bisa gini ya, buruk parah",kenapa bisa gini ya buruk parah,kenapa bisa begini ya buruk parah,buruk parah,buruk parah,buruk parah
140,Mantap nih tokonya,mantap nih tokonya,mantap nih tokonya,mantap nih tokonya,mantap nih tokonya,mantap nih toko,mantap toko,mantap toko,mantap toko
141,"Ga murahan, malah premium!","ga murahan, malah premium!","ga murahan, malah premium!","ga murahan, malah premium!",ga murahan malah premium,tidak murahan malah premium,tidak murahan premium,tidak murah premium,tidak murah premium
142,Best seller! Best in selling trash!,best seller! best in selling trash!,best seller! best in selling trash!,best seller! best in selling trash!,best seller best in selling trash,terbaik penjual terbaik in selling trash,terbaik penjual terbaik in selling trash,baik jual baik in selling trash,baik jual baik in selling trash
143,"Kok gini sih, ga sama","kok gini sih, ga sama","kok gini sih, ga sama","kok gini sih, ga sama",kok gini sih ga sama,kok begini sih tidak sama,tidak,tidak,tidak
144,"Palsu kata orang, ternyata ori!","palsu kata orang, ternyata ori!","palsu kata orang, ternyata ori!","palsu kata orang, ternyata ori!",palsu kata orang ternyata ori,palsu kata orang ternyata ori,palsu orang ori,palsu orang ori,palsu orang ori
145,"Gimana ya ya, ga sesuai foto","gimana ya ya, ga sesuai foto","gimana ya ya, ga sesuai foto","gimana ya ya, ga sesuai foto",gimana ya ya ga sesuai foto,bagaimana ya ya tidak sesuai foto,tidak sesuai foto,tidak sesuai foto,tidak sesuai foto
146,"Gimana ya nih, zonk banget","gimana ya nih, zonk banget","gimana ya nih, zonk banget","gimana ya nih, zonk banget",gimana ya nih zonk banget,bagaimana ya nih mengecewakan sangat,mengecewakan,kecewa,kecewa
147,Buruk! Jahitan lepas-lepas dan bahan jelek.,buruk! jahitan lepas-lepas dan bahan jelek.,buruk! jahitan lepas-lepas dan bahan jelek.,buruk! jahitan lepas-lepas dan bahan jelek.,buruk jahitan lepas lepas dan bahan jelek,buruk jahitan lepas lepas dan bahan jelek,buruk jahitan lepas lepas bahan jelek,buruk jahit lepas lepas bahan jelek,buruk jahit lepas lepas bahan jelek
148,"Sip banget, sip zonknya!","sip banget, sip zonknya!","sip banget, sip zonknya!","sip banget, sip zonknya!",sip banget sip zonknya,sip sangat sip zonknya,sip sip zonknya,sip sip zonknya,sip sip zonknya
149,"Kok bisa, ga sesuai deskripsi banget","kok bisa, ga sesuai deskripsi banget","kok bisa, ga sesuai deskripsi banget","kok bisa, ga sesuai deskripsi banget",kok bisa ga sesuai deskripsi banget,kok bisa tidak sesuai deskripsi sangat,tidak sesuai deskripsi,tidak sesuai deskripsi,tidak sesuai deskripsi
150,"Barang berkualitas, harga murah. Best deal ever!","barang berkualitas, harga murah. best deal ever!","barang berkualitas, harga murah. best deal ever!","barang berkualitas, harga murah. best deal ever!",barang berkualitas harga murah best deal ever,barang berkualitas harga murah terbaik deal ever,barang berkualitas harga murah terbaik deal ever,barang kualitas harga murah baik deal ever,barang kualitas harga murah baik deal ever
151,Mantap sih ini,mantap sih ini,mantap sih ini,mantap sih ini,mantap sih ini,mantap sih ini,mantap,mantap,mantap
152,"Kenapa gini dong, cacat","kenapa gini dong, cacat","kenapa gini dong, cacat","kenapa gini dong, cacat",kenapa gini dong cacat,kenapa begini dong cacat,cacat,cacat,cacat
153,Top banget gw seller,top banget gw seller,top banget gw seller,top banget gw seller,top banget gw seller,terbaik sangat saya penjual,terbaik penjual,baik jual,baik jual
154,"Oke banget, ya untuk harga segini.","oke banget, ya untuk harga segini.","oke banget, ya untuk harga segini.","oke banget, ya untuk harga segini.",oke banget ya untuk harga segini,baik sangat ya untuk harga segini,harga segini,harga gin,harga gin
155,"Top, tapi ya sesuai harga.","top, tapi ya sesuai harga.","top, tapi ya sesuai harga.","top, tapi ya sesuai harga.",top tapi ya sesuai harga,terbaik tapi ya sesuai harga,terbaik sesuai harga,baik sesuai harga,baik sesuai harga
156,Lumayan bagus tapi ada minor issue. Still acceptable.,lumayan bagus tapi ada minor issue. still acceptable.,lumayan bagus tapi ada minor issue. still acceptable.,lumayan bagus tapi ada minor issue. still acceptable.,lumayan bagus tapi ada minor issue still acceptable,lumayan bagus tapi ada minor issue still acceptable,lumayan bagus minor issue still acceptable,lumayan bagus minor issue still acceptable,lumayan bagus minor issue still acceptable
157,Buruk! Sudah rusak begitu dibuka packagingnya.,buruk! sudah rusak begitu dibuka packagingnya.,buruk! sudah rusak begitu dibuka packagingnya.,buruk! sudah rusak begitu dibuka packagingnya.,buruk sudah rusak begitu dibuka packagingnya,buruk sudah rusak begitu dibuka packagingnya,buruk rusak dibuka packagingnya,buruk rusak buka packagingnya,buruk rusak buka packagingnya
158,Puas banget nih,puas banget nih,puas banget nih,puas banget nih,puas banget nih,puas sangat nih,puas,puas,puas
159,Suka banget sih barangnya,suka banget sih barangnya,suka banget sih barangnya,suka banget sih barangnya,suka banget sih barangnya,suka sangat sih barang,suka barang,suka barang,suka barang
160,Recommended pokoknya pembeliannya,recommended pokoknya pembeliannya,recommended pokoknya pembeliannya,recommended pokoknya pembeliannya,recommended pokoknya pembeliannya,direkomendasikan pokoknya pembelian,direkomendasikan pokoknya pembelian,rekomendasi pokok beli,rekomendasi pokok beli
161,Mantap nih seller,mantap nih seller,mantap nih seller,mantap nih seller,mantap nih seller,mantap nih penjual,mantap penjual,mantap jual,mantap jual
162,"Oke lah ya, ga ngarep juga sih.","oke lah ya, ga ngarep juga sih.","oke lah ya, ga ngarep juga sih.","oke lah ya, ga ngarep juga sih.",oke lah ya ga ngarep juga sih,baik lah ya tidak ngarep juga sih,tidak ngarep,tidak ngarep,tidak ngarep
163,Netral aja,netral aja,netral aja,netral aja,netral aja,netral saja,netral,netral,netral
164,Oke nih kualitasnya,oke nih kualitasnya,oke nih kualitasnya,oke nih kualitasnya,oke nih kualitasnya,baik nih kualitas,kualitas,kualitas,kualitas
165,"Kok gini nih, ga sesuai warna","kok gini nih, ga sesuai warna","kok gini nih, ga sesuai warna","kok gini nih, ga sesuai warna",kok gini nih ga sesuai warna,kok begini nih tidak sesuai warna,tidak sesuai warna,tidak sesuai warna,tidak sesuai warna
166,"Kok bisa gini nih, zonk banget","kok bisa gini nih, zonk banget","kok bisa gini nih, zonk banget","kok bisa gini nih, zonk banget",kok bisa gini nih zonk banget,kok bisa begini nih mengecewakan sangat,mengecewakan,kecewa,kecewa
167,Puas pokoknya seller,puas pokoknya seller,puas pokoknya seller,puas pokoknya seller,puas pokoknya seller,puas pokoknya penjual,puas pokoknya penjual,puas pokok jual,puas pokok jual
168,"Gimana ini dong, ga sesuai ukuran","gimana ini dong, ga sesuai ukuran","gimana ini dong, ga sesuai ukuran","gimana ini dong, ga sesuai ukuran",gimana ini dong ga sesuai ukuran,bagaimana ini dong tidak sesuai ukuran,tidak sesuai ukuran,tidak sesuai ukur,tidak sesuai ukur
169,Top banget deh kualitasnya,top banget deh kualitasnya,top banget deh kualitasnya,top banget deh kualitasnya,top banget deh kualitasnya,terbaik sangat deh kualitas,terbaik kualitas,baik kualitas,baik kualitas
170,Gimana ni rusak semua produknya,gimana ni rusak semua produknya,gimana ni rusak semua produknya,gimana ni rusak semua produknya,gimana ni rusak semua produknya,bagaimana ni rusak semua produk,ni rusak produk,ni rusak produk,ni rusak produk
171,"Oke banget, oke mengecewakan!","oke banget, oke mengecewakan!","oke banget, oke mengecewakan!","oke banget, oke mengecewakan!",oke banget oke mengecewakan,baik sangat baik mengecewakan,mengecewakan,kecewa,kecewa
172,Standar banget produknya.,standar banget produknya.,standar banget produknya.,standar banget produknya.,standar banget produknya,standar sangat produk,standar produk,standar produk,standar produk
173,Kok berbeda jauh dari deskripsi,kok berbeda jauh dari deskripsi,kok berbeda jauh dari deskripsi,kok berbeda jauh dari deskripsi,kok berbeda jauh dari deskripsi,kok berbeda jauh dari deskripsi,berbeda deskripsi,beda deskripsi,beda deskripsi
174,Mantap lah,mantap lah,mantap lah,mantap lah,mantap lah,mantap lah,mantap,mantap,mantap
175,Memuaskan banget deh barangnya,memuaskan banget deh barangnya,memuaskan banget deh barangnya,memuaskan banget deh barangnya,memuaskan banget deh barangnya,memuaskan sangat deh barang,memuaskan barang,muas barang,muas barang
176,Suka lah barangnya,suka lah barangnya,suka lah barangnya,suka lah barangnya,suka lah barangnya,suka lah barang,suka barang,suka barang,suka barang
177,"Sesuai prediksi, biasa.","sesuai prediksi, biasa.","sesuai prediksi, biasa.","sesuai prediksi, biasa.",sesuai prediksi biasa,sesuai prediksi biasa,sesuai prediksi,sesuai prediksi,sesuai prediksi
178,"Bagus sekali, bagus bikin kecewa!","bagus sekali, bagus bikin kecewa!","bagus sekali, bagus bikin kecewa!","bagus sekali, bagus bikin kecewa!",bagus sekali bagus bikin kecewa,bagus sekali bagus bikin kecewa,bagus bagus bikin kecewa,bagus bagus bikin kecewa,bagus bagus bikin kecewa
179,"Kok bisa gini dong, ga sesuai pesanan","kok bisa gini dong, ga sesuai pesanan","kok bisa gini dong, ga sesuai pesanan","kok bisa gini dong, ga sesuai pesanan",kok bisa gini dong ga sesuai pesanan,kok bisa begini dong tidak sesuai pesanan,tidak sesuai pesanan,tidak sesuai pesan,tidak sesuai pesan
180,"Kok bisa gini sih, ga sama","kok bisa gini sih, ga sama","kok bisa gini sih, ga sama","kok bisa gini sih, ga sama",kok bisa gini sih ga sama,kok bisa begini sih tidak sama,tidak,tidak,tidak
181,Keren sih pelayanannya,keren sih pelayanannya,keren sih pelayanannya,keren sih pelayanannya,keren sih pelayanannya,keren sih pelayanan,keren pelayanan,keren layan,keren layan
182,"Lovely deskripsi, lousy produk!","lovely deskripsi, lousy produk!","lovely deskripsi, lousy produk!","lovely deskripsi, lousy produk!",lovely deskripsi lousy produk,lovely deskripsi lousy produk,lovely deskripsi lousy produk,lovely deskripsi lousy produk,lovely deskripsi lousy produk
183,Suka deh produknya,suka deh produknya,suka deh produknya,suka deh produknya,suka deh produknya,suka deh produk,suka produk,suka produk,suka produk
184,Oke banget nih pembeliannya,oke banget nih pembeliannya,oke banget nih pembeliannya,oke banget nih pembeliannya,oke banget nih pembeliannya,baik sangat nih pembelian,pembelian,beli,beli
185,Mengecewakan! Barang tidak sesuai spesifikasi yang dijanjikan.,mengecewakan! barang tidak sesuai spesifikasi yang dijanjikan.,mengecewakan! barang tidak sesuai spesifikasi yang dijanjikan.,mengecewakan! barang tidak sesuai spesifikasi yang dijanjikan.,mengecewakan barang tidak sesuai spesifikasi yang dijanjikan,mengecewakan barang tidak sesuai spesifikasi yang dijanjikan,mengecewakan barang tidak sesuai spesifikasi dijanjikan,kecewa barang tidak sesuai spesifikasi janji,kecewa barang tidak sesuai spesifikasi janji
186,Memuaskan sih seller,memuaskan sih seller,memuaskan sih seller,memuaskan sih seller,memuaskan sih seller,memuaskan sih penjual,memuaskan penjual,muas jual,muas jual
187,Suka deh pembeliannya,suka deh pembeliannya,suka deh pembeliannya,suka deh pembeliannya,suka deh pembeliannya,suka deh pembelian,suka pembelian,suka beli,suka beli
188,"Gimana ini ya, ga sesuai gambar","gimana ini ya, ga sesuai gambar","gimana ini ya, ga sesuai gambar","gimana ini ya, ga sesuai gambar",gimana ini ya ga sesuai gambar,bagaimana ini ya tidak sesuai gambar,tidak sesuai gambar,tidak sesuai gambar,tidak sesuai gambar
189,"Ga percaya review positif, tapi ternyata beneran bagus!","ga percaya review positif, tapi ternyata beneran bagus!","ga percaya review positif, tapi ternyata beneran bagus!","ga percaya review positif, tapi ternyata beneran bagus!",ga percaya review positif tapi ternyata beneran bagus,tidak percaya review positif tapi ternyata beneran bagus,tidak percaya review positif beneran bagus,tidak percaya review positif beneran bagus,tidak percaya review positif beneran bagus
190,"Bukan rugi kok, malah profit!","bukan rugi kok, malah profit!","bukan rugi kok, malah profit!","bukan rugi kok, malah profit!",bukan rugi kok malah profit,bukan rugi kok malah profit,bukan rugi profit,bukan rugi profit,bukan rugi profit
191,Bagus pokoknya pelayanannya,bagus pokoknya pelayanannya,bagus pokoknya pelayanannya,bagus pokoknya pelayanannya,bagus pokoknya pelayanannya,bagus pokoknya pelayanan,bagus pokoknya pelayanan,bagus pokok layan,bagus pokok layan
192,"Suka, suka banget barang cacat!","suka, suka banget barang cacat!","suka, suka banget barang cacat!","suka, suka banget barang cacat!",suka suka banget barang cacat,suka suka sangat barang cacat,suka suka barang cacat,suka suka barang cacat,suka suka barang cacat
193,"Kok gini dong, jelek banget","kok gini dong, jelek banget","kok gini dong, jelek banget","kok gini dong, jelek banget",kok gini dong jelek banget,kok begini dong jelek sangat,jelek,jelek,jelek
194,Worth it memang,worth it memang,worth it memang,worth it memang,worth it memang,sepadan it memang,sepadan it,padan it,padan it
195,"Gimana nih deh, buruk parah","gimana nih deh, buruk parah","gimana nih deh, buruk parah","gimana nih deh, buruk parah",gimana nih deh buruk parah,bagaimana nih deh buruk parah,buruk parah,buruk parah,buruk parah
196,"Ga nyesel kok, justru puas!","ga nyesel kok, justru puas!","ga nyesel kok, justru puas!","ga nyesel kok, justru puas!",ga nyesel kok justru puas,tidak menyesal kok justru puas,tidak menyesal puas,tidak sesal puas,tidak sesal puas
197,"Kenapa bisa gini deh, ga cocok","kenapa bisa gini deh, ga cocok","kenapa bisa gini deh, ga cocok","kenapa bisa gini deh, ga cocok",kenapa bisa gini deh ga cocok,kenapa bisa begini deh tidak cocok,tidak cocok,tidak cocok,tidak cocok
198,Suka nih pelayanannya,suka nih pelayanannya,suka nih pelayanannya,suka nih pelayanannya,suka nih pelayanannya,suka nih pelayanan,suka pelayanan,suka layan,suka layan
199,Suka banget deh pembeliannya,suka banget deh pembeliannya,suka banget deh pembeliannya,suka banget deh pembeliannya,suka banget deh pembeliannya,suka sangat deh pembelian,suka pembelian,suka beli,suka beli
200,"Gimana ini sih, cacat","gimana ini sih, cacat","gimana ini sih, cacat","gimana ini sih, cacat",gimana ini sih cacat,bagaimana ini sih cacat,cacat,cacat,cacat
201,"Recommended, recommended buat dihindari!","recommended, recommended buat dihindari!","recommended, recommended buat dihindari!","recommended, recommended buat dihindari!",recommended recommended buat dihindari,direkomendasikan direkomendasikan buat dihindari,direkomendasikan direkomendasikan dihindari,rekomendasi rekomendasi hindar,rekomendasi rekomendasi hindar
202,Top memang produknya,top memang produknya,top memang produknya,top memang produknya,top memang produknya,terbaik memang produk,terbaik produk,baik produk,baik produk
203,Keren sih ini,keren sih ini,keren sih ini,keren sih ini,keren sih ini,keren sih ini,keren,keren,keren
204,Worth it nih produknya,worth it nih produknya,worth it nih produknya,worth it nih produknya,worth it nih produknya,sepadan it nih produk,sepadan it produk,padan it produk,padan it produk
205,Keren banget gw tokonya,keren banget gw tokonya,keren banget gw tokonya,keren banget gw tokonya,keren banget gw tokonya,keren sangat saya toko,keren toko,keren toko,keren toko
206,Worth it lah pembeliannya,worth it lah pembeliannya,worth it lah pembeliannya,worth it lah pembeliannya,worth it lah pembeliannya,sepadan it lah pembelian,sepadan it pembelian,padan it beli,padan it beli
207,Top lah,top lah,top lah,top lah,top lah,terbaik lah,terbaik,baik,baik
208,"Kualitas sangat buruk, tidak sesuai harga yang dibayar.","kualitas sangat buruk, tidak sesuai harga yang dibayar.","kualitas sangat buruk, tidak sesuai harga yang dibayar.","kualitas sangat buruk, tidak sesuai harga yang dibayar.",kualitas sangat buruk tidak sesuai harga yang dibayar,kualitas sangat buruk tidak sesuai harga yang dibayar,kualitas buruk tidak sesuai harga dibayar,kualitas buruk tidak sesuai harga bayar,kualitas buruk tidak sesuai harga bayar
209,Recommended lah pembeliannya,recommended lah pembeliannya,recommended lah pembeliannya,recommended lah pembeliannya,recommended lah pembeliannya,direkomendasikan lah pembelian,direkomendasikan pembelian,rekomendasi beli,rekomendasi beli
210,"Kok bisa gini sih, ga sesuai deskripsi","kok bisa gini sih, ga sesuai deskripsi","kok bisa gini sih, ga sesuai deskripsi","kok bisa gini sih, ga sesuai deskripsi",kok bisa gini sih ga sesuai deskripsi,kok bisa begini sih tidak sesuai deskripsi,tidak sesuai deskripsi,tidak sesuai deskripsi,tidak sesuai deskripsi
211,"Gimana nih deh, jelek banget","gimana nih deh, jelek banget","gimana nih deh, jelek banget","gimana nih deh, jelek banget",gimana nih deh jelek banget,bagaimana nih deh jelek sangat,jelek,jelek,jelek
212,Puas nih sama produknya,puas nih sama produknya,puas nih sama produknya,puas nih sama produknya,puas nih sama produknya,puas nih sama produk,puas produk,puas produk,puas produk
213,"Kok bisa gini deh, rusak semua","kok bisa gini deh, rusak semua","kok bisa gini deh, rusak semua","kok bisa gini deh, rusak semua",kok bisa gini deh rusak semua,kok bisa begini deh rusak semua,rusak,rusak,rusak
214,"Lumayan aja, buat pemakaian biasa cukup.","lumayan aja, buat pemakaian biasa cukup.","lumayan aja, buat pemakaian biasa cukup.","lumayan aja, buat pemakaian biasa cukup.",lumayan aja buat pemakaian biasa cukup,lumayan saja buat pemakaian biasa cukup,lumayan pemakaian,lumayan pakai,lumayan pakai
215,"Gimana ya dong, kecewa parah","gimana ya dong, kecewa parah","gimana ya dong, kecewa parah","gimana ya dong, kecewa parah",gimana ya dong kecewa parah,bagaimana ya dong kecewa parah,kecewa parah,kecewa parah,kecewa parah
216,"Bukan palsu kok, malah authentic!","bukan palsu kok, malah authentic!","bukan palsu kok, malah authentic!","bukan palsu kok, malah authentic!",bukan palsu kok malah authentic,bukan palsu kok malah authentic,bukan palsu authentic,bukan palsu authentic,bukan palsu authentic
217,Mantap pokoknya seller,mantap pokoknya seller,mantap pokoknya seller,mantap pokoknya seller,mantap pokoknya seller,mantap pokoknya penjual,mantap pokoknya penjual,mantap pokok jual,mantap pokok jual
218,"Kenapa jadi gini ya, jelek banget","kenapa jadi gini ya, jelek banget","kenapa jadi gini ya, jelek banget","kenapa jadi gini ya, jelek banget",kenapa jadi gini ya jelek banget,kenapa jadi begini ya jelek sangat,jelek,jelek,jelek
219,Oke gitu seller,oke gitu seller,oke gitu seller,oke gitu seller,oke gitu seller,baik begitu penjual,penjual,jual,jual
220,"Plus minus sih, fifty fifty.","plus minus sih, fifty fifty.","plus minus sih, fifty fifty.","plus minus sih, fifty fifty.",plus minus sih fifty fifty,plus minus sih fifty fifty,plus minus fifty fifty,plus minus fifty fifty,plus minus fifty fifty
221,Top memang kualitasnya,top memang kualitasnya,top memang kualitasnya,top memang kualitasnya,top memang kualitasnya,terbaik memang kualitas,terbaik kualitas,baik kualitas,baik kualitas
222,"Ga nyesel, malah senang banget beli!","ga nyesel, malah senang banget beli!","ga nyesel, malah senang banget beli!","ga nyesel, malah senang banget beli!",ga nyesel malah senang banget beli,tidak menyesal malah senang sangat beli,tidak menyesal senang beli,tidak sesal senang beli,tidak sesal senang beli
223,"Gimana ini deh, jelek banget","gimana ini deh, jelek banget","gimana ini deh, jelek banget","gimana ini deh, jelek banget",gimana ini deh jelek banget,bagaimana ini deh jelek sangat,jelek,jelek,jelek
224,Oke deh pembeliannya,oke deh pembeliannya,oke deh pembeliannya,oke deh pembeliannya,oke deh pembeliannya,baik deh pembelian,pembelian,beli,beli
225,"Keren deskripsinya, jelek barangnya!","keren deskripsinya, jelek barangnya!","keren deskripsinya, jelek barangnya!","keren deskripsinya, jelek barangnya!",keren deskripsinya jelek barangnya,keren deskripsinya jelek barang,keren deskripsinya jelek barang,keren deskripsi jelek barang,keren deskripsi jelek barang
226,Top emang tokonya,top emang tokonya,top emang tokonya,top emang tokonya,top emang tokonya,terbaik memang toko,terbaik toko,baik toko,baik toko
227,"Gimana ya sih, ga sesuai pesanan","gimana ya sih, ga sesuai pesanan","gimana ya sih, ga sesuai pesanan","gimana ya sih, ga sesuai pesanan",gimana ya sih ga sesuai pesanan,bagaimana ya sih tidak sesuai pesanan,tidak sesuai pesanan,tidak sesuai pesan,tidak sesuai pesan
228,Senang lah produknya,senang lah produknya,senang lah produknya,senang lah produknya,senang lah produknya,senang lah produk,senang produk,senang produk,senang produk
229,Bagus sih,bagus sih,bagus sih,bagus sih,bagus sih,bagus sih,bagus,bagus,bagus
230,Suka emang,suka emang,suka emang,suka emang,suka emang,suka memang,suka,suka,suka
231,"Kenapa jadi gini deh, rusak semua","kenapa jadi gini deh, rusak semua","kenapa jadi gini deh, rusak semua","kenapa jadi gini deh, rusak semua",kenapa jadi gini deh rusak semua,kenapa jadi begini deh rusak semua,rusak,rusak,rusak
232,"Kok bisa gini nih, jelek banget","kok bisa gini nih, jelek banget","kok bisa gini nih, jelek banget","kok bisa gini nih, jelek banget",kok bisa gini nih jelek banget,kok bisa begini nih jelek sangat,jelek,jelek,jelek
233,Senang memang barangnya,senang memang barangnya,senang memang barangnya,senang memang barangnya,senang memang barangnya,senang memang barang,senang barang,senang barang,senang barang
234,Suka banget nih seller,suka banget nih seller,suka banget nih seller,suka banget nih seller,suka banget nih seller,suka sangat nih penjual,suka penjual,suka jual,suka jual
235,Sangat kecewa! Barang tidak berfungsi sama sekali.,sangat kecewa! barang tidak berfungsi sama sekali.,sangat kecewa! barang tidak berfungsi sama sekali.,sangat kecewa! barang tidak berfungsi sama sekali.,sangat kecewa barang tidak berfungsi sama sekali,sangat kecewa barang tidak berfungsi sama sekali,kecewa barang tidak berfungsi,kecewa barang tidak fungsi,kecewa barang tidak fungsi
236,"Gimana ini dong, ga sesuai warna","gimana ini dong, ga sesuai warna","gimana ini dong, ga sesuai warna","gimana ini dong, ga sesuai warna",gimana ini dong ga sesuai warna,bagaimana ini dong tidak sesuai warna,tidak sesuai warna,tidak sesuai warna,tidak sesuai warna
237,"Kenapa gini deh, beda banget","kenapa gini deh, beda banget","kenapa gini deh, beda banget","kenapa gini deh, beda banget",kenapa gini deh beda banget,kenapa begini deh beda sangat,beda,beda,beda
238,Memuaskan nih tokonya,memuaskan nih tokonya,memuaskan nih tokonya,memuaskan nih tokonya,memuaskan nih tokonya,memuaskan nih toko,memuaskan toko,muas toko,muas toko
239,Bagus pokoknya produknya,bagus pokoknya produknya,bagus pokoknya produknya,bagus pokoknya produknya,bagus pokoknya produknya,bagus pokoknya produk,bagus pokoknya produk,bagus pokok produk,bagus pokok produk
240,Suka sih,suka sih,suka sih,suka sih,suka sih,suka sih,suka,suka,suka
241,"Kenapa gini nih, ga sesuai deskripsi","kenapa gini nih, ga sesuai deskripsi","kenapa gini nih, ga sesuai deskripsi","kenapa gini nih, ga sesuai deskripsi",kenapa gini nih ga sesuai deskripsi,kenapa begini nih tidak sesuai deskripsi,tidak sesuai deskripsi,tidak sesuai deskripsi,tidak sesuai deskripsi
242,Memuaskan lah produknya,memuaskan lah produknya,memuaskan lah produknya,memuaskan lah produknya,memuaskan lah produknya,memuaskan lah produk,memuaskan produk,muas produk,muas produk
243,Memuaskan banget pelayanannya,memuaskan banget pelayanannya,memuaskan banget pelayanannya,memuaskan banget pelayanannya,memuaskan banget pelayanannya,memuaskan sangat pelayanan,memuaskan pelayanan,muas layan,muas layan
244,"Kok jadi gini nih, ga sesuai gambar","kok jadi gini nih, ga sesuai gambar","kok jadi gini nih, ga sesuai gambar","kok jadi gini nih, ga sesuai gambar",kok jadi gini nih ga sesuai gambar,kok jadi begini nih tidak sesuai gambar,tidak sesuai gambar,tidak sesuai gambar,tidak sesuai gambar
245,Oke banget sih tokonya,oke banget sih tokonya,oke banget sih tokonya,oke banget sih tokonya,oke banget sih tokonya,baik sangat sih toko,toko,toko,toko
246,Bagus banget ini pelayanannya,bagus banget ini pelayanannya,bagus banget ini pelayanannya,bagus banget ini pelayanannya,bagus banget ini pelayanannya,bagus sangat ini pelayanan,bagus pelayanan,bagus layan,bagus layan
247,"Kenapa bisa gini sih, zonk banget","kenapa bisa gini sih, zonk banget","kenapa bisa gini sih, zonk banget","kenapa bisa gini sih, zonk banget",kenapa bisa gini sih zonk banget,kenapa bisa begini sih mengecewakan sangat,mengecewakan,kecewa,kecewa
248,Bagus banget sih,bagus banget sih,bagus banget sih,bagus banget sih,bagus banget sih,bagus sangat sih,bagus,bagus,bagus
249,"Netral aja sih, ga suka ga benci juga.","netral aja sih, ga suka ga benci juga.","netral aja sih, ga suka ga benci juga.","netral aja sih, ga suka ga benci juga.",netral aja sih ga suka ga benci juga,netral saja sih tidak suka tidak benci juga,netral tidak suka tidak benci,netral tidak suka tidak benci,netral tidak suka tidak benci
250,"Kok jadi gini sih, ga sesuai ukuran","kok jadi gini sih, ga sesuai ukuran","kok jadi gini sih, ga sesuai ukuran","kok jadi gini sih, ga sesuai ukuran",kok jadi gini sih ga sesuai ukuran,kok jadi begini sih tidak sesuai ukuran,tidak sesuai ukuran,tidak sesuai ukur,tidak sesuai ukur
251,Memuaskan banget pokoknya,memuaskan banget pokoknya,memuaskan banget pokoknya,memuaskan banget pokoknya,memuaskan banget pokoknya,memuaskan sangat pokoknya,memuaskan pokoknya,muas pokok,muas pokok
252,"Gimana nih sih, ga cocok","gimana nih sih, ga cocok","gimana nih sih, ga cocok","gimana nih sih, ga cocok",gimana nih sih ga cocok,bagaimana nih sih tidak cocok,tidak cocok,tidak cocok,tidak cocok
253,Mantap lah seller,mantap lah seller,mantap lah seller,mantap lah seller,mantap lah seller,mantap lah penjual,mantap penjual,mantap jual,mantap jual
254,"Gimana nih sih, ga sama","gimana nih sih, ga sama","gimana nih sih, ga sama","gimana nih sih, ga sama",gimana nih sih ga sama,bagaimana nih sih tidak sama,tidak,tidak,tidak
255,"Gila nih barang, gila bagusnya maksudnya!","gila nih barang, gila bagusnya maksudnya!","gila nih barang, gila bagusnya maksudnya!","gila nih barang, gila bagusnya maksudnya!",gila nih barang gila bagusnya maksudnya,gila nih barang gila bagusnya maksudnya,gila barang gila bagusnya maksudnya,gila barang gila bagus maksud,gila barang gila bagus maksud
256,Tidak akan kecewa? Bohong. Justru sangat puas!,tidak akan kecewa? bohong. justru sangat puas!,tidak akan kecewa? bohong. justru sangat puas!,tidak akan kecewa? bohong. justru sangat puas!,tidak akan kecewa bohong justru sangat puas,tidak akan kecewa bohong justru sangat puas,tidak kecewa bohong puas,tidak kecewa bohong puas,tidak kecewa bohong puas
257,Memuaskan sih barangnya,memuaskan sih barangnya,memuaskan sih barangnya,memuaskan sih barangnya,memuaskan sih barangnya,memuaskan sih barang,memuaskan barang,muas barang,muas barang
258,"Gimana ini deh, cacat","gimana ini deh, cacat","gimana ini deh, cacat","gimana ini deh, cacat",gimana ini deh cacat,bagaimana ini deh cacat,cacat,cacat,cacat
259,"Gimana ini deh, ga sesuai pesanan","gimana ini deh, ga sesuai pesanan","gimana ini deh, ga sesuai pesanan","gimana ini deh, ga sesuai pesanan",gimana ini deh ga sesuai pesanan,bagaimana ini deh tidak sesuai pesanan,tidak sesuai pesanan,tidak sesuai pesan,tidak sesuai pesan
260,Top banget ini tokonya,top banget ini tokonya,top banget ini tokonya,top banget ini tokonya,top banget ini tokonya,terbaik sangat ini toko,terbaik toko,baik toko,baik toko
261,"Kenapa bisa gini nih, ga sesuai warna","kenapa bisa gini nih, ga sesuai warna","kenapa bisa gini nih, ga sesuai warna","kenapa bisa gini nih, ga sesuai warna",kenapa bisa gini nih ga sesuai warna,kenapa bisa begini nih tidak sesuai warna,tidak sesuai warna,tidak sesuai warna,tidak sesuai warna
262,Marvelous! Marvelously terrible!,marvelous! marvelously terrible!,marvelous! marvelously terrible!,marvelous! marvelously terrible!,marvelous marvelously terrible,marvelous marvelously terrible,marvelous marvelously terrible,marvelous marvelously terrible,marvelous marvelously terrible
263,"Lumayan untuk daily use, tapi bukan yang terbaik.","lumayan untuk daily use, tapi bukan yang terbaik.","lumayan untuk daily use, tapi bukan yang terbaik.","lumayan untuk daily use, tapi bukan yang terbaik.",lumayan untuk daily use tapi bukan yang terbaik,lumayan untuk daily use tapi bukan yang terbaik,lumayan daily use bukan terbaik,lumayan daily use bukan baik,lumayan daily use bukan baik
264,Mantap sih barangnya,mantap sih barangnya,mantap sih barangnya,mantap sih barangnya,mantap sih barangnya,mantap sih barang,mantap barang,mantap barang,mantap barang
265,"Gimana nih dong, ga sama","gimana nih dong, ga sama","gimana nih dong, ga sama","gimana nih dong, ga sama",gimana nih dong ga sama,bagaimana nih dong tidak sama,tidak,tidak,tidak
266,Suka nih,suka nih,suka nih,suka nih,suka nih,suka nih,suka,suka,suka
267,Recommended banget nih tokonya,recommended banget nih tokonya,recommended banget nih tokonya,recommended banget nih tokonya,recommended banget nih tokonya,direkomendasikan sangat nih toko,direkomendasikan toko,rekomendasi toko,rekomendasi toko
268,"Ga nyesel, malah senang banget!","ga nyesel, malah senang banget!","ga nyesel, malah senang banget!","ga nyesel, malah senang banget!",ga nyesel malah senang banget,tidak menyesal malah senang sangat,tidak menyesal senang,tidak sesal senang,tidak sesal senang
269,"Wow foto menarik, aslinya rusak!","wow foto menarik, aslinya rusak!","wow foto menarik, aslinya rusak!","wow foto menarik, aslinya rusak!",wow foto menarik aslinya rusak,wow foto menarik asli rusak,wow foto menarik asli rusak,wow foto tarik asli rusak,wow foto tarik asli rusak
270,Worth it deh produknya,worth it deh produknya,worth it deh produknya,worth it deh produknya,worth it deh produknya,sepadan it deh produk,sepadan it produk,padan it produk,padan it produk
271,Keren banget gw,keren banget gw,keren banget gw,keren banget gw,keren banget gw,keren sangat saya,keren,keren,keren
272,"Barang original, packaging aman dan rapi. Mantap!","barang original, packaging aman dan rapi. mantap!","barang original, packaging aman dan rapi. mantap!","barang original, packaging aman dan rapi. mantap!",barang original packaging aman dan rapi mantap,barang original packaging aman dan rapi mantap,barang original packaging aman rapi mantap,barang original packaging aman rapi mantap,barang original packaging aman rapi mantap
273,Bagus nih pelayanannya,bagus nih pelayanannya,bagus nih pelayanannya,bagus nih pelayanannya,bagus nih pelayanannya,bagus nih pelayanan,bagus pelayanan,bagus layan,bagus layan
274,Biasa aja sih,biasa aja sih,biasa aja sih,biasa aja sih,biasa aja sih,biasa saja sih,,,
275,"Wow, ga sesuai ekspektasi sama sekali. Kecewa!","wow, ga sesuai ekspektasi sama sekali. kecewa!","wow, ga sesuai ekspektasi sama sekali. kecewa!","wow, ga sesuai ekspektasi sama sekali. kecewa!",wow ga sesuai ekspektasi sama sekali kecewa,wow tidak sesuai ekspektasi sama sekali kecewa,wow tidak sesuai ekspektasi kecewa,wow tidak sesuai ekspektasi kecewa,wow tidak sesuai ekspektasi kecewa
276,"Kok bisa gini dong, ga sama","kok bisa gini dong, ga sama","kok bisa gini dong, ga sama","kok bisa gini dong, ga sama",kok bisa gini dong ga sama,kok bisa begini dong tidak sama,tidak,tidak,tidak
277,Terrible? Terribly good! Puas banget!,terrible? terribly good! puas banget!,terrible? terribly good! puas banget!,terrible? terribly good! puas banget!,terrible terribly good puas banget,terrible terribly good puas sangat,terrible terribly good puas,terrible terribly good puas,terrible terribly good puas
278,Mantap pokoknya pelayanannya,mantap pokoknya pelayanannya,mantap pokoknya pelayanannya,mantap pokoknya pelayanannya,mantap pokoknya pelayanannya,mantap pokoknya pelayanan,mantap pokoknya pelayanan,mantap pokok layan,mantap pokok layan
279,Mantap banget ini pelayanannya,mantap banget ini pelayanannya,mantap banget ini pelayanannya,mantap banget ini pelayanannya,mantap banget ini pelayanannya,mantap sangat ini pelayanan,mantap pelayanan,mantap layan,mantap layan
280,"Kenapa jadi gini, kecewa parah","kenapa jadi gini, kecewa parah","kenapa jadi gini, kecewa parah","kenapa jadi gini, kecewa parah",kenapa jadi gini kecewa parah,kenapa jadi begini kecewa parah,kecewa parah,kecewa parah,kecewa parah
281,"Kok bisa gini dong, kecewa parah","kok bisa gini dong, kecewa parah","kok bisa gini dong, kecewa parah","kok bisa gini dong, kecewa parah",kok bisa gini dong kecewa parah,kok bisa begini dong kecewa parah,kecewa parah,kecewa parah,kecewa parah
282,Gimana ya zonk total,gimana ya zonk total,gimana ya zonk total,gimana ya zonk total,gimana ya zonk total,bagaimana ya mengecewakan total,mengecewakan total,kecewa total,kecewa total
283,"Kenapa bisa gini, ga sesuai foto","kenapa bisa gini, ga sesuai foto","kenapa bisa gini, ga sesuai foto","kenapa bisa gini, ga sesuai foto",kenapa bisa gini ga sesuai foto,kenapa bisa begini tidak sesuai foto,tidak sesuai foto,tidak sesuai foto,tidak sesuai foto
284,Keren lah kualitasnya,keren lah kualitasnya,keren lah kualitasnya,keren lah kualitasnya,keren lah kualitasnya,keren lah kualitas,keren kualitas,keren kualitas,keren kualitas
285,Puas deh pelayanannya,puas deh pelayanannya,puas deh pelayanannya,puas deh pelayanannya,puas deh pelayanannya,puas deh pelayanan,puas pelayanan,puas layan,puas layan
286,Kok gini? Ga sesuai pesanan!,kok gini? ga sesuai pesanan!,kok gini? ga sesuai pesanan!,kok gini? ga sesuai pesanan!,kok gini ga sesuai pesanan,kok begini tidak sesuai pesanan,tidak sesuai pesanan,tidak sesuai pesan,tidak sesuai pesan
287,"Gimana nih sih, ga sesuai warna","gimana nih sih, ga sesuai warna","gimana nih sih, ga sesuai warna","gimana nih sih, ga sesuai warna",gimana nih sih ga sesuai warna,bagaimana nih sih tidak sesuai warna,tidak sesuai warna,tidak sesuai warna,tidak sesuai warna
288,Kualitas premium! Harga juga masih affordable.,kualitas premium! harga juga masih affordable.,kualitas premium! harga juga masih affordable.,kualitas premium! harga juga masih affordable.,kualitas premium harga juga masih affordable,kualitas premium harga juga masih affordable,kualitas premium harga affordable,kualitas premium harga affordable,kualitas premium harga affordable
289,"Amazing, amazingly bad!","amazing, amazingly bad!","amazing, amazingly bad!","amazing, amazingly bad!",amazing amazingly bad,amazing amazingly bad,amazing amazingly bad,amazing amazingly bad,amazing amazingly bad
290,Oke emang pelayanannya,oke emang pelayanannya,oke emang pelayanannya,oke emang pelayanannya,oke emang pelayanannya,baik memang pelayanan,pelayanan,layan,layan
291,"Ya gitu, ada yang oke ada yang kurang.","ya gitu, ada yang oke ada yang kurang.","ya gitu, ada yang oke ada yang kurang.","ya gitu, ada yang oke ada yang kurang.",ya gitu ada yang oke ada yang kurang,ya begitu ada yang baik ada yang kurang,kurang,kurang,kurang
292,"Kenapa bisa gini ya, ga sesuai ekspektasi","kenapa bisa gini ya, ga sesuai ekspektasi","kenapa bisa gini ya, ga sesuai ekspektasi","kenapa bisa gini ya, ga sesuai ekspektasi",kenapa bisa gini ya ga sesuai ekspektasi,kenapa bisa begini ya tidak sesuai ekspektasi,tidak sesuai ekspektasi,tidak sesuai ekspektasi,tidak sesuai ekspektasi
293,"Biasa aja sih, produk standar.","biasa aja sih, produk standar.","biasa aja sih, produk standar.","biasa aja sih, produk standar.",biasa aja sih produk standar,biasa saja sih produk standar,produk standar,produk standar,produk standar
294,Recommended pokoknya tokonya,recommended pokoknya tokonya,recommended pokoknya tokonya,recommended pokoknya tokonya,recommended pokoknya tokonya,direkomendasikan pokoknya toko,direkomendasikan pokoknya toko,rekomendasi pokok toko,rekomendasi pokok toko
295,"Kok bisa gini ya, ga pas","kok bisa gini ya, ga pas","kok bisa gini ya, ga pas","kok bisa gini ya, ga pas",kok bisa gini ya ga pas,kok bisa begini ya tidak pas,tidak pas,tidak pas,tidak pas
296,Suka banget gw pembeliannya,suka banget gw pembeliannya,suka banget gw pembeliannya,suka banget gw pembeliannya,suka banget gw pembeliannya,suka sangat saya pembelian,suka pembelian,suka beli,suka beli
297,"Kok jadi gini dong, jelek banget","kok jadi gini dong, jelek banget","kok jadi gini dong, jelek banget","kok jadi gini dong, jelek banget",kok jadi gini dong jelek banget,kok jadi begini dong jelek sangat,jelek,jelek,jelek
298,"Kenapa gini sih, ga pas","kenapa gini sih, ga pas","kenapa gini sih, ga pas","kenapa gini sih, ga pas",kenapa gini sih ga pas,kenapa begini sih tidak pas,tidak pas,tidak pas,tidak pas
299,Senang memang,senang memang,senang memang,senang memang,senang memang,senang memang,senang,senang,senang
300,"Kok jadi gini, ga sesuai deskripsi","kok jadi gini, ga sesuai deskripsi","kok jadi gini, ga sesuai deskripsi","kok jadi gini, ga sesuai deskripsi",kok jadi gini ga sesuai deskripsi,kok jadi begini tidak sesuai deskripsi,tidak sesuai deskripsi,tidak sesuai deskripsi,tidak sesuai deskripsi
